iso2,code,country,athletes,Rank,Population,Share,Continent,P21,GDP
AF,AFG,Afghanistan,6,36.0,42239854.0,0.0053,Asia,False,86077580286.44206
AL,ALB,Albania,8,138.0,2832439.0,0.0004,Europe,False,58750963483.22402
DZ,DZA,Algeria,45,34.0,45606480.0,0.0056999999999999,Africa,False,776539787081.9259
AS,ASM,American Samoa,2,212.0,43914.0,0.0,Oceania,False,
AD,AND,Andorra,2,202.0,80088.0,0.0,Europe,False,5733298240.480908
AO,AGO,Angola,24,42.0,36684202.0,0.0046,Africa,False,294960925634.9799
AG,ATG,Antigua and Barbuda,5,200.0,94298.0,0.0,America,False,2998900564.8757277
AR,ARG,Argentina,136,33.0,45773884.0,0.0056999999999999,America,False,1369904111827.8267
AM,ARM,Armenia,15,140.0,2777970.0,0.0003,Asia,False,64044988615.07026
AW,ABW,Aruba,6,197.0,106277.0,0.0,America,False,4815148278.16456
AU,AUS,Australia,460,55.0,26439111.0,0.0033,Oceania,False,1841115986451.2827
AT,AUT,Austria,81,100.0,8958960.0,0.0011,Europe,False,673525599682.7485
AZ,AZE,Azerbaijan,47,90.0,10412651.0,0.0013,Asia,False,239521312200.16162
BS,BHS,Bahamas,18,177.0,412623.0,0.0001,America,False,14670728026.100012
BH,BHR,Bahrain,14,154.0,1485509.0,0.0002,Asia,False,94846525691.8074
BD,BGD,Bangladesh,5,8.0,172954319.0,0.0215,Asia,True,1567951785438.203
BB,BRB,Barbados,4,187.0,281995.0,0.0,America,False,5458624997.04146
BE,BEL,Belgium,165,82.0,11686140.0,0.0015,Europe,False,832972050437.1438
BZ,BLZ,Belize,1,178.0,410825.0,0.0001,America,False,5831789718.255522
BJ,BEN,Benin,5,77.0,13712828.0,0.0017,Africa,False,58256355529.49373
BM,BMU,Bermuda,8,205.0,64069.0,0.0,America,False,6796164944.117628
BT,BTN,Bhutan,3,165.0,787424.0,0.0001,Asia,False,11753826959.540936
BO,BOL,Bolivia,4,80.0,12388571.0,0.0015,America,False,132892186347.72142
BA,BIH,Bosnia and Herzegovina,5,137.0,3210847.0,0.0004,Europe,False,73353464695.46742
BW,BWA,Botswana,13,144.0,2675352.0,0.0003,Africa,False,51856809570.57218
BR,BRA,Brazil,277,7.0,216422446.0,0.0269,America,True,4454930345429.168
BN,BRN,Brunei Darussalam,3,176.0,452524.0,0.0001,Asia,False,39118736084.256905
BG,BGR,Bulgaria,46,110.0,6687717.0,0.0008,Europe,False,248788109254.50143
BF,BFA,Burkina Faso,8,59.0,23251485.0,0.0029,Africa,False,63405458216.36582
BI,BDI,Burundi,7,78.0,13238559.0,0.0016,Africa,False,12588278518.66407
CV,CPV,Cabo Verde,7,171.0,598682.0,0.0001,Africa,False,5439764468.1542015
KH,KHM,Cambodia,3,73.0,16944826.0,0.0021,Asia,False,95300031597.35213
CM,CMR,Cameroon,6,53.0,28647293.0,0.0036,Africa,False,154126988108.264
CA,CAN,Canada,316,38.0,38781291.0,0.0048,America,False,2469314350968.6064
KY,CYM,Cayman Islands,4,204.0,69310.0,0.0,America,False,5851530077.463252
CF,CAF,Central African Republic,4,117.0,5742315.0,0.0007,Africa,False,6488703710.707211
TD,TCD,Chad,3,67.0,18278568.0,0.0023,Africa,False,35996041269.01412
CL,CHL,Chile,48,65.0,19629590.0,0.0024,America,False,653360984982.9274
TW,TWN,Chinese Taipei,60,57.0,23923276.0,0.003,Asia,False,
CO,COL,Colombia,88,28.0,52085168.0,0.0065,America,False,1122331896369.347
KM,COM,Comoros,4,163.0,852075.0,0.0001,Africa,False,3284569153.7137456
CG,COG,Congo,4,113.0,6106869.0,0.0008,Africa,False,42338545429.60959
CK,COK,Cook Islands,2,222.0,17044.0,0.0,Oceania,False,
CR,CRI,Costa Rica,6,124.0,5212173.0,0.0006,America,False,145693143940.23523
HR,HRV,Croatia,73,130.0,4008617.0,0.0005,Europe,False,176899003594.4263
CU,CUB,Cuba,61,85.0,11194449.0,0.0014,America,False,
CY,CYP,Cyprus,15,158.0,1260138.0,0.0002,Asia,False,53033142804.690384
CZ,CZE,Czechia,112,89.0,10495295.0,0.0013,Europe,False,585187183031.8209
CI,CIV,CÃ´te d'Ivoire,13,51.0,28873034.0,0.0036,Africa,False,224945636305.81357
KP,PRK,Democratic People's Republic of Korea,16,56.0,26160821.0,0.0033,Asia,False,
TL,TLS,Democratic Republic of Timor-Leste,4,155.0,1360596.0,0.0002,Asia,False,6950883639.960226
CD,COD,Democratic Republic of the Congo,6,15.0,102262808.0,0.0127,Africa,True,170865528305.48697
DK,DNK,Denmark,123,115.0,5910913.0,0.0007,Europe,False,456059277192.32965
DJ,DJI,Djibouti,7,160.0,1136455.0,0.0001,Africa,False,8187076864.876632
DM,DMA,Dominica,4,203.0,73040.0,0.0,America,False,1285404929.855357
DO,DOM,Dominican Republic,57,84.0,11332972.0,0.0014,America,False,290243213881.2335
EC,ECU,Ecuador,40,68.0,18190484.0,0.0023,America,False,288687741566.65405
EG,EGY,Egypt,149,14.0,112716598.0,0.0139999999999999,Africa,True,2120932496602.2795
SV,SLV,El Salvador,8,112.0,6364943.0,0.0008,America,False,79831081962.86087
GQ,GNQ,Equatorial Guinea,3,152.0,1714671.0,0.0002,Africa,False,32104894668.862846
ER,ERI,Eritrea,13,131.0,3748901.0,0.0005,Africa,False,
EE,EST,Estonia,24,156.0,1322765.0,0.0002,Europe,False,66932475061.812775
SZ,SWZ,Eswatini,3,159.0,1210822.0,0.0002,Africa,False,14216037435.726555
ET,ETH,Ethiopia,32,11.0,126527060.0,0.0157,Africa,True,393407615830.9672
FM,FSM,Federated States of Micronesia,3,173.0,544321.0,0.0001,Oceania,False,485842846.34325695
FJ,FJI,Fiji,33,162.0,936375.0,0.0001,Oceania,False,14089135375.17445
FI,FIN,Finland,56,118.0,5545475.0,0.0007,Europe,False,363315980537.64874
FR,FRA,France,572,23.0,64756584.0,0.008,Europe,False,4169071146832.928
GA,GAB,Gabon,5,146.0,2436566.0,0.0003,Africa,False,53475291714.62352
GM,GMB,Gambia,7,141.0,2773168.0,0.0003,Africa,False,8770162650.873417
GE,GEO,Georgia,28,132.0,3728282.0,0.0005,Asia,False,92810510894.19946
DE,DEU,Germany,427,19.0,83294633.0,0.0104,Europe,True,5857856201680.959
GH,GHA,Ghana,8,47.0,34121985.0,0.0042,Africa,False,254767258977.45633
GB,GBR,Great Britain,327,21.0,67736802.0,0.0084,Europe,True,4026241425912.9814
GR,GRC,Greece,101,91.0,10341277.0,0.0013,Europe,False,426748711342.7005
GD,GRD,Grenada,6,194.0,126183.0,0.0,America,False,2227647008.573451
GU,GUM,Guam,8,192.0,172952.0,0.0,Oceania,False,
GT,GTM,Guatemala,16,70.0,18092026.0,0.0022,America,False,247604803198.9284
GN,GIN,Guinea	,24,75.0,14190612.0,0.0018,Africa,False,62855095953.43815
GW,GNB,Guinea-Bissau,6,148.0,2150842.0,0.0003,Africa,False,5657343667.737276
GY,GUY,Guyana,5,164.0,813834.0,0.0001,America,False,44974521636.04896
HT,HTI,Haiti,7,81.0,11724763.0,0.0015,America,False,38170408504.891525
HN,HND,Honduras,4,88.0,10593798.0,0.0013,America,False,76388585646.73486
HK,HKG,Hong Kong,34,104.0,7491609.0,0.0009,Asia,False,538692245589.2012
HU,HUN,Hungary,169,94.0,10156239.0,0.0013,Europe,False,440579524817.9475
IS,ISL,Iceland,5,180.0,375318.0,0.0,Europe,False,30530446697.42937
IN,IND,India,110,1.0,1428627663.0,0.1776,Asia,True,14537383619971.604
ID,IDN,Indonesia,29,4.0,277534122.0,0.0345,Asia,True,4333084496745.115
IQ,IRQ,Iraq,22,35.0,45504560.0,0.0056999999999999,Asia,False,635633821211.1926
IE,IRL,Ireland,133,125.0,5056935.0,0.0006,Europe,False,671603053638.3081
IR,IRN,Islamic Republic of Iran,39,17.0,89172767.0,0.0111,Asia,True,1598124392063.6765
IL,ISR,Israel,87,98.0,9174520.0,0.0011,Asia,False,521339472593.9874
IT,ITA,Italy,380,25.0,58870762.0,0.0073,Europe,False,3452505720028.1943
JM,JAM,Jamaica,63,139.0,2825544.0,0.0004,America,False,32423133605.262825
JP,JPN,Japan,410,12.0,123294513.0,0.0153,Asia,True,6251558780213.587
JO,JOR,Jordan,12,83.0,11337052.0,0.0014,Asia,False,118493876514.99149
KZ,KAZ,Kazakhstan,79,66.0,19606633.0,0.0024,Asia,False,782723115253.4597
KE,KEN,Kenya,70,26.0,55100586.0,0.0068,Africa,False,348430406994.1717
KI,KIR,Kiribati,3,193.0,133515.0,0.0,Oceania,False,470205839.7950713
XK,XKX,Kosovo,9,,,,,,
KW,KWT,Kuwait,9,129.0,4310108.0,0.0005,Asia,False,243031018261.77277
KG,KGZ,Kyrgyzstan,16,109.0,6735347.0,0.0008,Asia,False,50435329471.9201
LA,LAO,Lao People's Democratic Republic,4,103.0,7633779.0,0.0009,Asia,False,71194700820.91125
LV,LVA,Latvia,29,151.0,1830211.0,0.0002,Europe,False,79976309217.04659
LB,LBN,Lebanon,10,122.0,5353930.0,0.0007,Asia,False,70557781904.60255
LS,LSO,Lesotho,3,147.0,2330318.0,0.0003,Africa,False,6510587634.400679
LR,LBR,Liberia,8,120.0,5418377.0,0.0007,Africa,False,9856286055.993824
LY,LBY,Libya,6,107.0,6888388.0,0.0009,Africa,False,135295820261.28752
LI,LIE,Liechtenstein,1,214.0,39584.0,0.0,Europe,False,
LT,LTU,Lithuania,50,142.0,2718352.0,0.0003,Europe,False,148985419391.69165
LU,LUX,Luxembourg,13,168.0,654768.0,0.0001,Europe,False,95838968979.97668
MG,MDG,Madagascar,7,50.0,30325732.0,0.0038,Africa,False,56864194677.63003
MW,MWI,Malawi,3,62.0,20931751.0,0.0026,Africa,False,39093683846.107445
MY,MYS,Malaysia,26,46.0,34308525.0,0.0043,Asia,False,1277913684402.86
MV,MDV,Maldives,5,175.0,521021.0,0.0001,Asia,False,12925857730.30724
ML,MLI,Mali,23,58.0,23293698.0,0.0029,Africa,False,63497592543.74111
MT,MLT,Malta,5,174.0,535064.0,0.0001,Europe,False,34545825240.04111
MH,MHL,Marshall Islands,4,213.0,41996.0,0.0,Oceania,False,314608252.73691547
MR,MRT,Mauritania,2,126.0,4862989.0,0.0006,Africa,False,33721317284.49417
MU,MUS,Mauritius,13,157.0,1300557.0,0.0002,Africa,False,37198780767.8973
MX,MEX,Mexico,106,10.0,128455567.0,0.016,America,True,3288671325775.6636
MC,MCO,Monaco,6,215.0,36297.0,0.0,Europe,False,
MN,MNG,Mongolia,32,133.0,3447157.0,0.0004,Asia,False,62421131192.257805
ME,MNE,Montenegro,19,169.0,626485.0,0.0001,Europe,False,19234815247.519703
MA,MAR,Morocco,60,39.0,37840044.0,0.0046999999999999,Africa,False,374409076081.66925
MZ,MOZ,Mozambique,7,48.0,33897354.0,0.0042,Africa,False,56171634685.559044
MM,MMR,Myanmar,2,27.0,54577997.0,0.0068,Asia,False,322296341270.6237
,NAM,Namibia,4,145.0,2604172.0,0.0003,Africa,False,33220228536.5263
NR,NRU,Nauru,1,224.0,12780.0,0.0,Oceania,False,161929678.19310138
NP,NPL,Nepal,7,49.0,30896590.0,0.0038,Asia,False,160101237655.65186
NL,NLD,Netherlands,276,72.0,17618299.0,0.0022,Europe,False,1398445339399.0703
NZ,NZL,New Zealand,195,123.0,5228100.0,0.0006,Oceania,False,282620901588.8325
NI,NIC,Nicaragua,7,106.0,7046310.0,0.0009,America,False,56678665269.53267
NE,NER,Niger,7,54.0,27202843.0,0.0034,Africa,False,49436759012.3938
NG,NGA,Nigeria,85,6.0,223804632.0,0.0278,Africa,True,1414033302015.1829
MK,MKD,North Macedonia,7,150.0,2085679.0,0.0003,Europe,False,45068909110.31962
NO,NOR,Norway,105,119.0,5474360.0,0.0007,Europe,False,576575751130.1848
OM,OMN,Oman,4,127.0,4644384.0,0.0006,Asia,False,206309101066.40115
PK,PAK,Pakistan,7,5.0,240485658.0,0.0299,Asia,True,1493905948493.043
PW,PLW,Palau,3,221.0,18058.0,0.0,Oceania,False,315848005.78518564
PS,PSE,Palestine,8,121.0,5371230.0,0.0007,Asia,False,30418120122.079334
PA,PAN,Panama,8,128.0,4468087.0,0.0006,America,False,177361079662.57294
PG,PNG,Papua New Guinea,6,92.0,10329931.0,0.0013,Oceania,False,47593932955.36414
PY,PRY,Paraguay,28,108.0,6861524.0,0.0009,America,False,119842424233.45055
CN,CHN,People's Republic of China,388,2.0,1425671352.0,0.1772,Asia,True,34643706848019.855
PE,PER,Peru,26,45.0,34352719.0,0.0043,America,False,574287564176.5496
PH,PHL,Philippines,22,13.0,117337368.0,0.0146,Asia,True,1262021926766.7217
PL,POL,Poland,214,37.0,41026067.0,0.0051,Europe,False,1814628510978.8545
PT,PRT,Portugal,73,93.0,10247605.0,0.0013,Europe,False,513203889481.6582
PR,PRI,Puerto Rico,51,136.0,3260314.0,0.0004,America,False,152910055132.1902
QA,QAT,Qatar,14,143.0,2716391.0,0.0003,Asia,False,326445745195.12164
,,Refugee Olympic Team,37,,,,,,
KR,KOR,Republic of Korea,141,29.0,51784059.0,0.0064,Asia,False,2794196215269.6753
MD,MDA,Republic of Moldova,25,134.0,3435931.0,0.0004,Europe,False,43233050427.4106
RO,ROU,Romania,107,64.0,19892812.0,0.0025,Europe,False,912851625716.2285
RW,RWA,Rwanda,8,76.0,14094683.0,0.0018,Africa,False,47373720860.17319
KN,KNA,Saint Kitts and Nevis,3,209.0,47755.0,0.0,America,False,1595151988.0597372
LC,LCA,Saint Lucia,4,191.0,180251.0,0.0,America,False,4529473245.75138
WS,WSM,Samoa,24,189.0,225681.0,0.0,Oceania,False,1507687058.1120684
SM,SMR,San Marino,5,216.0,33642.0,0.0,Europe,False,2217650250.2010684
ST,STP,Sao Tome and Principe,3,188.0,231856.0,0.0,Africa,False,1405892497.606993
SA,SAU,Saudi Arabia,9,40.0,36947025.0,0.0046,Asia,False,2031780571125.4211
SN,SEN,Senegal,11,71.0,17763163.0,0.0022,Africa,False,85849944842.23721
RS,SRB,Serbia,112,105.0,7149077.0,0.0009,Europe,False,181345752541.78265
SC,SYC,Seychelles,3,196.0,107660.0,0.0,Africa,False,3915815375.1349955
SL,SLE,Sierra Leone,5,102.0,8791092.0,0.0011,Africa,False,16234367685.000011
SG,SGP,Singapore,23,114.0,6014723.0,0.0007,Asia,False,837348495523.8649
SK,SVK,Slovakia,28,116.0,5795199.0,0.0007,Europe,False,242305041708.42773
SI,SVN,Slovenia,90,149.0,2119675.0,0.0003,Europe,False,116540122470.46744
SB,SLB,Solomon Islands,3,166.0,740424.0,0.0001,Oceania,False,2247079294.5948744
SO,SOM,Somalia,1,69.0,18143378.0,0.0023,Africa,False,29234137743.900375
ZA,ZAF,South Africa,138,24.0,60414495.0,0.0075,Africa,False,957414333113.8181
SS,SSD,South Sudan,14,86.0,11088796.0,0.0014,Africa,False,
ES,ESP,Spain,382,32.0,47519628.0,0.0059,Europe,False,2553107622879.817
LK,LKA,Sri Lanka,6,61.0,21893579.0,0.0027,Asia,False,318551481729.5072
VC,VCT,St Vincent and the Grenadines,4,198.0,103698.0,0.0,America,False,2061069215.964708
SD,SDN,Sudan,4,31.0,48109006.0,0.006,Africa,False,150925743560.90454
SR,SUR,Suriname,5,170.0,623236.0,0.0001,America,False,13117361867.992113
SE,SWE,Sweden,117,87.0,10612086.0,0.0013,Europe,False,739741230780.8392
CH,CHE,Switzerland,127,101.0,8796669.0,0.0011,Europe,False,822862795503.9631
SY,SYR,Syrian Arab Republic,6,60.0,23227014.0,0.0029,Asia,False,62150519282.11705
TJ,TJK,Tajikistan,14,95.0,10143543.0,0.0013,Asia,False,51551228216.48196
TH,THA,Thailand,51,20.0,71801279.0,0.0089,Asia,True,1681795914995.906
TG,TGO,Togo,5,99.0,9053799.0,0.0011,Africa,False,28567633064.164257
TO,TON,Tonga,4,195.0,107773.0,0.0,Oceania,False,749754852.0618777
TT,TTO,Trinidad and Tobago,17,153.0,1534937.0,0.0002,America,False,48461186026.21392
TN,TUN,Tunisia,27,79.0,12458223.0,0.0015,Africa,False,170448561952.21982
TM,TKM,Turkmenistan,6,111.0,6516100.0,0.0008,Asia,False,105309565740.43184
TV,TUV,Tuvalu,2,226.0,11396.0,0.0,Oceania,False,65680332.19761401
TR,TUR,Turkey,100,18.0,85816199.0,0.0107,Asia,True,3767230350036.0645
UG,UGA,Uganda,25,30.0,48582334.0,0.006,Africa,False,150513464164.66052
UA,UKR,Ukraine,140,41.0,36744634.0,0.0046,Europe,False,621258264021.884
AE,ARE,United Arab Emirates,13,96.0,9516871.0,0.0012,Asia,False,798490897661.1146
TZ,TZA,United Republic of Tanzania,7,22.0,67438106.0,0.0084,Africa,False,259661122261.07828
US,USA,United States of America,594,3.0,339996563.0,0.0423,America,True,27360934999999.9
UY,URY,Uruguay,25,135.0,3423108.0,0.0004,America,False,116596237470.13457
UZ,UZB,Uzbekistan,86,43.0,35163944.0,0.0044,Asia,False,354100418359.1207
VU,VUT,Vanuatu,6,183.0,334506.0,0.0,Oceania,False,1108911958.5025823
VE,VEN,Venezuela,32,52.0,28838499.0,0.0036,America,False,
VN,VNM,Vietnam,16,16.0,98858950.0,0.0123,Asia,True,1502096773515.3503
VG,VGB,British Virgin Islands,4,219.0,31538.0,0.0,America,False,
VI,VIR,US Virgin Islands,5,199.0,98750.0,0.0,America,False,4895223375.597596
YE,YEM,Yemen,4,44.0,34449825.0,0.0043,Asia,False,
ZM,ZMB,Zambia,28,63.0,20569737.0,0.0026,Africa,False,84863032638.1594
ZW,ZWE,Zimbabwe,7,74.0,16665409.0,0.0021,Africa,False,64993415784.93877
"['BY', 'RU']","['BLR', 'RUS']",Individual Neutral Athletes from Russia and Belarus,31,,,,,,
